Data,Otwarcie,Zamknięcie,Maks.,Min.,Obrót (mln. zł),Zmiana (%)
2020-03-06,11.4,10.4,11.5,10.3,0.03,0
2020-03-06,11.4,10.4,11.5,10.3,0.03,-9.57
2020-03-05,10,11.5,12,10,0.01,0.88
2020-03-04,11.1,11.4,11.9,10.4,0.02,-9.52
2020-03-03,12,12.6,12.8,11,0.01,-1.56
2020-03-02,12.8,12.8,12.8,10.9,0,0
2020-02-28,13.1,12.8,14.1,10.6,0.02,-8.57
2020-02-27,13.5,14,14,13.5,0,0.72
2020-02-26,14,13.9,14.7,13.2,0.01,-0.71
2020-02-25,13.9,14,14,13.7,0,2.19
2020-02-24,14.1,13.7,14.1,13,0.02,-6.16
2020-02-21,14.6,14.6,14.6,14.6,0.01,0
2020-02-20,14.5,14.6,15.4,13.5,0.06,-5.81
2020-02-19,16,15.5,16,14,0.02,-3.13
2020-02-18,15.1,16,16,15.1,0.03,5.96
2020-02-17,15.1,15.1,15.1,14.3,0.02,0
2020-02-14,14.6,15.1,15.3,14.2,0.02,3.42
2020-02-13,14.6,14.6,14.6,14.6,0,-0.68
2020-02-12,15.3,14.7,15.5,14.6,0.01,-5.16
2020-02-11,15.5,15.5,15.5,14.1,0.02,0
2020-02-10,15.6,15.5,15.6,15,0.02,-0.64
2020-02-07,14.7,15.6,15.8,14.2,0.02,6.12
2020-02-06,14.5,14.7,15,13.6,0.06,-6.37
2020-02-05,16.8,15.7,16.8,15.7,0.01,-4.85
2020-02-04,17,16.5,17.6,15,0.07,4.43
2020-02-03,16.3,15.8,17.6,15.8,0,-14.13
2020-01-31,19,18.4,19,16.7,0.03,10.18
2020-01-30,18.9,16.7,18.9,15.7,0.05,-12.57
2020-01-29,19.1,19.1,20,16.8,0.04,4.37
2020-01-28,15.9,18.3,18.6,15.9,0.05,8.93
2020-01-27,15.6,16.8,17.2,15.2,0.03,6.33
2020-01-24,15.2,15.8,15.9,15.1,0.02,3.95
2020-01-23,14.1,15.2,15.2,14,0.01,4.11
2020-01-22,16.9,14.6,16.9,13.6,0.15,-16.09
2020-01-21,19.5,17.4,19.5,15.6,0.15,-13.86
2020-01-20,20.4,20.2,20.4,20,0,-0.98
2020-01-17,19.6,20.4,20.8,18.4,0.03,-1.92
2020-01-16,19.7,20.8,21,19.7,0.01,0
2020-01-15,20.8,20.8,20.8,19.6,0,0
2020-01-14,21.2,20.8,21.2,19,0.04,-7.96
2020-01-13,23,22.6,23,20.4,0.01,-1.74
2020-01-10,21,23,23.4,21,0.02,9.52
2020-01-09,20.4,21,21.2,20,0.01,2.94
2020-01-08,22,20.4,22,20,0.09,-15
2020-01-07,25,24,26.8,21.2,0.02,-3.23
2020-01-03,23.2,24.8,24.8,23.2,0.01,11.71
2020-01-02,27,22.2,27.2,21.6,0.13,-18.38
2019-12-31,27.2,27.2,27.2,27.2,0,0
2019-12-30,27.4,27.2,27.4,25.8,0,-0.73
2019-12-27,27.6,27.4,27.6,24.2,0,-2.14
2019-12-24,28,28,28,28,0,0
2019-12-23,28.4,28,28.4,24.2,0.04,-2.1
2019-12-20,28.6,28.6,28.6,28.6,0,0
2019-12-19,28.6,28.6,28.6,28.6,0,-1.38
2019-12-18,27.4,29,29,27.4,0.01,4.32
2019-12-17,27.8,27.8,29,26,0.02,0
2019-12-16,27.2,27.8,27.8,26.2,0.01,2.21
2019-12-13,28.6,27.2,28.6,27.2,0.01,-2.86
2019-12-12,28,28,28,28,0.01,-2.1
2019-12-11,28,28.6,29,28,0.03,2.88
2019-12-10,25,27.8,28.6,25,0.02,8.59
2019-12-09,25.6,25.6,25.6,25.2,0.03,-9.22
2019-12-06,28.2,28.2,28.2,28.2,0,4.44
2019-12-05,27.8,27,27.8,25.6,0.03,-3.57
2019-12-04,28,28,28,28,0,2.19
2019-12-03,28,27.4,28,26,0.03,-4.2
2019-12-02,28,28.6,28.6,28,0.01,-2.05
2019-11-29,29.2,29.2,29.2,29.2,0,0
2019-11-28,28.6,29.2,29.4,28.2,0.01,-0.68
2019-11-27,29.6,29.4,29.6,28.6,0,-1.34
2019-11-26,29.8,29.8,30.2,29,0.08,0.68
2019-11-25,28.4,29.6,29.6,28.4,0.05,4.23
2019-11-22,28,28.4,28.4,27.6,0.01,1.43
2019-11-21,28,28,29,27.4,0.01,-5.41
2019-11-20,29.6,29.6,29.6,28.4,0.01,0
2019-11-19,28,29.6,29.6,27.2,0.04,-1.33
2019-11-18,27,30,30,25.4,0.01,-1.96
2019-11-15,30,30.6,30.6,30,0.07,6.99
2019-11-14,27.4,28.6,28.8,27.4,0.16,10
2019-11-13,26,26,26,25,0.01,0
2019-11-12,26,26,26,26,0,-2.99
2019-11-08,27,26.8,27,26,0.01,-0.74
2019-11-07,27,27,27,26,0.01,-0.74
2019-11-06,27,27.2,27.4,26.8,0.02,-2.16
2019-11-05,27.8,27.8,27.8,26.8,0.02,3.73
2019-11-04,24.8,26.8,26.8,24.6,0.04,7.2
2019-10-31,24.2,25,25.6,24.2,0,3.31
2019-10-30,21.8,24.2,24.6,21.8,0.02,-2.42
2019-10-29,22.2,24.8,24.8,22.2,0.01,-4.62
2019-10-28,26,26,26,26,0,-1.52
2019-10-25,26.8,26.4,26.8,24,0,0.76
2019-10-24,24,26.2,27,24,0.05,13.91
2019-10-23,23,23,23,22.8,0.02,2.68
2019-10-22,23.2,22.4,23.2,20.8,0.01,-0.88
2019-10-21,22.8,22.6,22.8,22.4,0.01,3.67
2019-10-18,23,21.8,23.2,21.6,0.01,-0.91
2019-10-17,22.8,22,23,21.4,0.01,13.4
2019-10-16,18.9,19.4,22,17.8,0.06,2.65
2019-10-15,17.7,18.9,18.9,17.7,0.01,-1.05
2019-10-14,17.6,19.1,19.1,17.6,0,0.53
2019-10-11,18.5,19,19,17.6,0.02,2.7
2019-10-10,17.6,18.5,19.8,16.5,0.05,5.11
2019-10-09,20.8,17.6,21.8,16,0.19,-15.38
2019-10-08,23,20.8,23,18.4,0.02,-9.57
2019-10-07,17,23,23.2,17,0.05,18.56
2019-10-04,20.8,19.4,21.8,16.8,0.06,-7.62
2019-10-03,20,21,21.6,20,0,16.67
2019-10-02,16.8,18,23,16.8,0.04,-8.16
2019-10-01,22,19.6,23.8,17.6,0.15,-18.33
2019-09-30,24,24,24.6,20.2,0.02,20
2019-09-27,18.5,20,24,18.5,0.06,8.11
2019-09-26,17.4,18.5,18.5,17.3,0.04,5.71
2019-09-25,16.6,17.5,17.6,16.6,0.03,16.67
2019-09-24,14.4,15,15,14.4,0,4.17
2019-09-23,14.4,14.4,14.4,14.4,0,-0.69
2019-09-20,14.5,14.5,14.5,14.5,0,-2.68
2019-09-19,14,14.9,14.9,13.2,0,0
2019-09-18,14.9,14.9,14.9,14.9,0,0
2019-09-17,13.8,14.9,14.9,13.8,0,7.97
2019-09-16,13.8,13.8,13.8,13.8,0,-6.76
2019-09-13,14.8,14.8,14.8,14.8,0,-0.67
2019-09-12,14.8,14.9,14.9,14.8,0,7.97
2019-09-11,13.8,13.8,15,13.8,0.01,-8
2019-09-10,15,15,15,15,0,7.91
2019-09-09,15.3,13.9,15.3,13.9,0,-9.15
2019-09-06,15.4,15.3,15.4,14.6,0,-4.97
2019-09-05,16.1,16.1,16.1,16.1,0,0
2019-09-04,16.3,16.1,16.3,14.2,0,-1.83
2019-09-02,16,16.4,16.4,16,0,3.8
2019-08-30,15.8,15.8,15.8,15.8,0,5.33
2019-08-29,15.8,15,15.8,15,0,-7.98
2019-08-28,16.3,16.3,16.3,16.3,0,5.16
2019-08-27,16.3,15.5,16.3,14.2,0.01,-4.91
2019-08-26,14.1,16.3,16.7,14.1,0,-2.4
2019-08-23,16,16.7,17,15,0,4.38
2019-08-22,15,16,17.1,12,0.05,0.63
2019-08-21,15.9,15.9,15.9,15,0.01,-5.92
2019-08-20,16.9,16.9,16.9,16.9,0,6.29
2019-08-19,15.8,15.9,15.9,15.8,0,2.58
2019-08-16,14.6,15.5,15.5,14.6,0,-9.36
2019-08-14,17.1,17.1,17.1,17.1,0,1.18
2019-08-13,15,16.9,17.1,15,0.03,-0.59
2019-08-12,17,17,17,17,0,5.59
2019-08-09,16.1,16.1,16.2,14.6,0.01,-0.62
2019-08-08,16.6,16.2,16.7,15,0.01,1.89
2019-08-07,16,15.9,16,15,0,-0.63
2019-08-06,16,16,16,16,0,0
2019-08-05,16,16,16,16,0,0
2019-08-02,14.1,16,16.3,14.1,0.01,6.67
2019-08-01,15.2,15,15.2,14.1,0.04,6.38
2019-07-31,14.2,14.1,14.2,13,0.02,-1.4
2019-07-30,13.4,14.3,14.3,13.4,0,0
2019-07-29,13.8,14.3,14.5,13.8,0.01,-1.38
2019-07-26,12.4,14.5,14.8,12.2,0.06,16.94
2019-07-25,13.1,12.4,13.1,12,0,-5.34
2019-07-24,13.1,13.1,13.1,13.1,0,-0.76
2019-07-23,13.2,13.2,13.2,12.3,0,1.54
2019-07-22,13.1,13,13.8,13,0,0
2019-07-19,13.3,13,13.9,13,0.01,-2.99
2019-07-18,12.8,13.4,13.4,12.8,0,4.69
2019-07-17,10.8,12.8,12.8,10.8,0.04,15.32
2019-07-16,11.3,11.1,11.3,10.6,0,-1.77
2019-07-15,11.1,11.3,11.3,11.1,0,-5.04
2019-07-12,11.2,11.9,11.9,11.2,0,7.21
2019-07-11,11.2,11.1,11.4,11.1,0,-0.89
2019-07-10,10.5,11.2,11.4,10.5,0.01,5.66
2019-07-09,9.55,10.6,10.6,7.65,0.1,10.99
2019-07-08,9.55,9.55,9.55,9.55,0,0
2019-07-05,9.55,9.55,9.55,9.55,0,0
2019-07-04,9.55,9.55,9.55,9.55,0,0
2019-07-03,9.6,9.55,9.6,9.05,0.01,3.24
2019-07-02,9,9.25,9.3,8.1,0.01,2.78
2019-07-01,9.75,9,9.75,9,0,-8.63
2019-06-28,9.9,9.85,9.9,9.3,0,-1.5
2019-06-27,9.2,10,10,8.7,0,6.38
2019-06-26,9.4,9.4,9.4,9.1,0,2.17
2019-06-25,9.4,9.2,9.4,9.2,0,-2.13
2019-06-24,10.1,9.4,10.1,9.4,0,-6
2019-06-21,10,10,10,9.4,0,-1.96
2019-06-19,10.2,10.2,10.2,10.2,0,0.99
2019-06-18,10.1,10.1,10.1,10.1,0,0
2019-06-17,10.1,10.1,10.1,10.1,0,-0.98
2019-06-14,10.2,10.2,10.2,10.2,0,0
2019-06-13,10,10.2,10.2,10,0,-0.97
2019-06-12,10,10.3,10.3,10,0,0
2019-06-11,10.3,10.3,10.3,10.3,0,3
2019-06-10,10,10,10,10,0,-2.91
2019-06-07,10.3,10.3,10.3,10.3,0,0
2019-06-06,9.4,10.3,10.3,9.4,0,3
2019-06-05,9.45,10,10,8.75,0.01,3.09
2019-06-04,10.2,9.7,10.2,9.7,0,-3
2019-06-03,10,10,10,10,0,-4.76
2019-05-31,10.5,10.5,10.5,10.5,0,0
2019-05-30,10.7,10.5,10.7,9.6,0.01,-1.87
2019-05-29,10.7,10.7,10.7,10.7,0,1.9
2019-05-28,10.1,10.5,10.7,10.1,0,10.53
2019-05-27,10.7,9.5,10.7,9.5,0,-11.21
2019-05-24,10.5,10.7,10.7,10.5,0,0
2019-05-23,10.7,10.7,10.7,10.7,0,0
2019-05-22,10.7,10.7,10.7,10.7,0,0
2019-05-21,10,10.7,10.7,10,0,-2.73
2019-05-20,10.9,11,11,10.9,0,1.85
2019-05-17,10.5,10.8,10.8,10.5,0,2.86
2019-05-16,10,10.5,10.5,10,0,-2.78
2019-05-15,10.1,10.8,11.3,10.1,0.01,-1.82
2019-05-14,11,11,11,11,0,0
2019-05-13,10.5,11,11,10.5,0,5.77
2019-05-10,10.4,10.4,10.5,9.65,0.01,0.97
2019-05-09,9.45,10.3,10.3,9.3,0,-1.9
2019-05-08,10.5,10.5,10.5,10.5,0,0
2019-05-07,10.5,10.5,10.5,9.5,0.01,-7.89
2019-05-06,11.4,11.4,11.4,11.4,0,8.57
2019-05-02,11.2,10.5,11.2,10.5,0,-12.5
2019-04-30,12,12,12,12,0,0
2019-04-29,12,12,12,12,0,0
2019-04-26,12,12,12,12,0,0
2019-04-25,11.3,12,12,11.3,0,6.19
2019-04-24,12.4,11.3,12.4,11.3,0,-5.83
2019-04-23,12,12,12,12,0,4.35
2019-04-22,11.5,11.5,11.5,11.5,0,0
2019-04-19,11.5,11.5,11.5,11.5,0,0
2019-04-18,11.3,11.5,11.5,11.3,0,-5.74
2019-04-17,12.2,12.2,12.2,12.2,0,-1.61
2019-04-16,12.4,12.4,12.4,12.4,0,-2.36
2019-04-15,12.7,12.7,12.7,12.7,0,13.39
2019-04-12,12.7,11.2,12.7,11.2,0,-11.81
2019-04-11,11.9,12.7,12.7,11.9,0.01,5.83
2019-04-10,12,12,12,11.1,0,-1.64
2019-04-09,12.2,12.2,12.2,12.2,0,-2.4
2019-04-08,11.6,12.5,12.5,11.6,0.01,13.64
2019-04-05,11.7,11,11.7,11,0,-6.78
2019-04-04,10,11.8,11.8,10,0.01,18
2019-04-03,10.1,10,10.1,10,0,0
2019-04-02,10.6,10,10.6,10,0,-6.54
2019-04-01,10.7,10.7,10.7,10.6,0,2.39
2019-03-29,9,10.45,10.8,9,0.01,16.11
2019-03-28,10.05,9,11.85,9,0.08,-17.81
2019-03-27,11.9,10.95,11.95,10.95,0,-8.37
2019-03-26,11.95,11.95,11.95,11.95,0,0
2019-03-25,11.95,11.95,11.95,11.95,0,2.14
2019-03-22,11.85,11.7,11.85,10.8,0,-2.09
2019-03-21,12,11.95,12,11.5,0.01,-1.24
2019-03-20,12.2,12.1,12.2,10.5,0.01,-1.22
2019-03-19,12.25,12.25,12.25,12.25,0,0
2019-03-18,12.35,12.25,12.35,11.2,0.02,-0.81
2019-03-15,12.35,12.35,12.35,12.35,0,-1.2
2019-03-14,12.45,12.5,12.5,12.45,0,0.81
2019-03-13,12.4,12.4,12.4,12.4,0,0
2019-03-12,12.45,12.4,12.45,11.8,0,-0.4
2019-03-11,12.5,12.45,12.5,11,0.01,-1.58
2019-03-08,12.65,12.65,12.65,11.3,0.01,0
2019-03-07,12.65,12.65,12.65,12.65,0,0
2019-03-06,11.25,12.65,12.65,11.25,0.01,5.86
2019-03-05,11.7,11.95,11.95,11.2,0,-6.64
2019-03-04,13.5,12.8,13.5,11.05,0.02,-6.23
2019-03-01,13,13.65,13.95,13,0.01,13.75
2019-02-28,10,12,12,10,0.04,11.11
2019-02-27,10.9,10.8,10.9,9.58,0,-0.92
2019-02-26,13.25,10.9,13.25,8.5,0.08,-18.35
2019-02-25,12.5,13.35,13.35,12.5,0.01,6.8
2019-02-22,12.5,12.5,12.5,11,0,0
2019-02-21,12.4,12.5,12.5,12,0.01,5.93
2019-02-20,11.45,11.8,11.9,9.5,0.02,9.26
2019-02-19,10.8,10.8,10.8,10.8,0,8
2019-02-18,9.76,10,10,9.74,0.01,5.49
2019-02-15,9.2,9.48,9.48,9.2,0,3.27
2019-02-14,9.4,9.18,9.4,9,0,-3.77
2019-02-13,9.4,9.54,9.58,8.7,0.01,1.92
2019-02-12,9.36,9.36,9.36,8.88,0.01,-0.21
2019-02-11,9,9.38,9.38,8.98,0,-0.21
2019-02-08,9.28,9.4,9.4,9.28,0,1.29
2019-02-07,8.86,9.28,9.28,8.52,0.01,3.57
2019-02-06,8.8,8.96,9.34,8.62,0.01,2.05
2019-02-05,8.04,8.78,8.78,8,0.01,0.92
2019-02-04,7.04,8.7,8.82,7.04,0,2.35
2019-02-01,7.98,8.5,8.5,7.54,0,6.52
2019-01-31,6.66,7.98,7.98,6.66,0,-3.16
2019-01-30,8.4,8.24,8.78,8.24,0.01,-2.6
2019-01-29,7.9,8.46,8.46,7.9,0,7.09
2019-01-28,7.38,7.9,7.9,7.38,0.01,9.72
2019-01-25,6.9,7.2,7.4,6.9,0.01,4.65
2019-01-24,6.9,6.88,6.9,6.8,0,-0.29
2019-01-23,6.9,6.9,6.92,6.6,0.01,-0.29
2019-01-22,6.92,6.92,6.92,6.9,0,3.28
2019-01-21,6.3,6.7,6.8,6.08,0.02,8.06
2019-01-18,6.1,6.2,6.2,6.1,0,2.65
2019-01-17,5.7,6.04,6.08,5.4,0.03,11.44
2019-01-16,5.74,5.42,5.74,5.42,0.01,-5.57
2019-01-15,5.74,5.74,5.74,5.74,0,9.54
2019-01-14,5.2,5.24,5.68,5.2,0,-2.96
2019-01-11,5.4,5.4,5.4,5.4,0,1.89
2019-01-10,5.4,5.3,5.4,5.3,0,-6.69
2019-01-09,5.48,5.68,5.68,5.48,0,4.03
2019-01-08,5.24,5.46,5.46,5.24,0,3.02
2019-01-07,5.3,5.3,5.3,5.3,0,13.49
2019-01-04,5.32,4.67,5.5,4.26,0.02,-12.22
2019-01-03,5.7,5.32,5.7,5.3,0,-12.79
2019-01-02,6.1,6.1,6.1,6.1,0,-1.61
2018-12-31,6.2,6.2,6.2,6.2,0,0
2018-12-28,6.2,6.2,6.2,6.2,0,3.33
2018-12-27,6.34,6,6.34,5.94,0,-5.66
2018-12-24,6.36,6.36,6.36,6.36,0,0
2018-12-21,6.36,6.36,6.36,6.04,0.01,4.26
2018-12-20,6.4,6.1,6.4,6.1,0,-4.69
2018-12-19,6.4,6.4,6.4,6.38,0,5.61
2018-12-18,6.4,6.06,6.4,6.06,0,-5.61
2018-12-17,6.42,6.42,6.42,6.42,0,0
2018-12-14,6.42,6.42,6.42,6.1,0.01,5.59
2018-12-13,6.38,6.08,6.38,6.08,0,-5.3
2018-12-12,6.4,6.42,6.42,6.02,0,0
2018-12-11,6.42,6.42,6.42,6.42,0,-0.31
2018-12-10,6.44,6.44,6.44,6.44,0,0
2018-12-07,6.44,6.44,6.44,6.04,0,0
2018-12-06,6.44,6.44,6.44,6.44,0,0
2018-12-05,6.44,6.44,6.44,6.44,0,0
2018-12-04,6.44,6.44,6.44,6.44,0,-0.92
2018-12-03,6.44,6.5,6.5,6.06,0,0.93
2018-11-30,6.44,6.44,6.44,6.44,0,0
2018-11-29,6.44,6.44,6.44,6.44,0,0
2018-11-28,6.44,6.44,6.44,6.28,0,2.22
2018-11-27,6.44,6.3,6.44,6.3,0,-2.17
2018-11-26,6.44,6.44,6.44,6.44,0,-0.92
2018-11-23,6.5,6.5,6.5,6.5,0,0
2018-11-22,6.5,6.5,6.5,6.5,0,0
2018-11-21,6.32,6.5,6.5,6.32,0,-3.85
2018-11-20,6.5,6.76,6.76,6.5,0.01,0
2018-11-19,6.54,6.76,6.78,6.5,0.01,-0.29
2018-11-16,6.74,6.78,6.78,6.54,0,0
2018-11-15,6.78,6.78,6.78,6.3,0,0
2018-11-14,6.78,6.78,6.78,6.78,0,0
2018-11-13,6.8,6.78,6.84,6.24,0.01,4.31
2018-11-12,6.5,6.5,6.5,6.5,0,0
2018-11-09,6.5,6.5,6.5,6.5,0,-4.69
2018-11-08,6.82,6.82,6.82,6.82,0,4.92
2018-11-07,6.5,6.5,6.5,6.02,0,7.97
2018-11-06,6.5,6.02,6.5,6.02,0,-7.38
2018-11-05,6.8,6.5,6.8,5.98,0.01,-4.41
2018-11-02,6.5,6.8,6.8,6.5,0,4.62
2018-10-31,6.5,6.5,6.5,6.5,0,0
2018-10-30,6.5,6.5,6.5,6.5,0,0
2018-10-29,6.2,6.5,6.5,6.2,0,0.31
2018-10-25,6.48,6.48,6.48,6.48,0,0
2018-10-24,6.3,6.48,6.48,5.94,0,2.86
2018-10-23,6.4,6.3,6.4,6,0,-3.08
2018-10-22,6.5,6.5,6.5,6.5,0,-4.41
2018-10-19,6.8,6.8,6.8,6.8,0,0
2018-10-18,6.8,6.8,6.8,6.8,0,0
2018-10-17,6.8,6.8,6.8,6.06,0,4.62
2018-10-16,6.5,6.5,6.5,6.5,0,0
2018-10-15,6.5,6.5,6.5,6,0,0
2018-10-12,6.48,6.5,6.5,6.48,0,0.31
2018-10-11,5.9,6.48,6.84,5.9,0,9.83
2018-10-10,6.86,5.9,6.86,5.5,0.01,-13.99
2018-10-09,6.84,6.86,6.86,6.84,0,0.29
2018-10-08,6.84,6.84,6.84,6.84,0,0
2018-10-05,6.84,6.84,6.84,6.84,0,-0.58
2018-10-04,6.88,6.88,6.88,6.88,0,0
2018-10-03,6.78,6.88,6.88,6.5,0,1.47
2018-10-02,6.76,6.78,6.78,6.76,0,0.3
2018-10-01,6.76,6.76,6.76,6.76,0,0
2018-09-28,6.76,6.76,6.76,6.76,0,-0.59
2018-09-27,6.8,6.8,6.8,6.8,0,0
2018-09-26,6.8,6.8,6.8,6.8,0,0
2018-09-25,6.8,6.8,6.8,6.8,0,0
2018-09-24,6.8,6.8,6.8,6.8,0,0
2018-09-21,6.8,6.8,6.8,6.32,0,0
2018-09-20,6.8,6.8,6.8,6.1,0,0
2018-09-19,6.8,6.8,6.8,6.8,0,0
2018-09-18,6.8,6.8,6.8,6.8,0,-1.45
2018-09-17,6.9,6.9,6.9,6.9,0,1.47
2018-09-14,6.8,6.8,6.8,6.6,0.01,0
2018-09-13,6.8,6.8,6.8,6.8,0,1.49
2018-09-12,6.78,6.7,6.78,6.4,0,-2.62
2018-09-11,6.88,6.88,6.88,6.88,0,0
2018-09-10,6.88,6.88,6.88,6.88,0,-0.29
2018-09-07,6.68,6.9,6.9,6.68,0,2.99
2018-09-06,6.4,6.7,6.7,6.04,0,4.69
2018-09-05,6.48,6.4,6.5,6.04,0.01,-4.48
2018-09-04,6.4,6.7,6.7,6.2,0,6.35
2018-09-03,6.4,6.3,6.4,6.1,0,-1.56
2018-08-31,6.68,6.4,6.68,6.2,0,-4.48
2018-08-30,6.7,6.7,6.7,6.7,0,0.3
2018-08-29,6.98,6.68,6.98,5.6,0.01,-4.57
2018-08-28,7,7,7,7,0,1.45
2018-08-27,7,6.9,7,6.2,0,-1.43
2018-08-24,7,7,7,7,0,0.29
2018-08-23,6.5,6.98,6.98,6.5,0,1.16
2018-08-22,6.9,6.9,6.9,6.9,0,0.29
2018-08-21,7.02,6.88,7.02,6,0,-1.99
2018-08-20,7.02,7.02,7.02,7.02,0,2.03
2018-08-17,6.5,6.88,6.98,6,0,5.85
2018-08-16,6.5,6.5,6.98,6.5,0,1.56
2018-08-14,5.44,6.4,6.4,5.44,0.01,17.22
2018-08-13,5.3,5.46,5.46,5.1,0,0.37
2018-08-10,5.02,5.44,5.44,5.02,0,0
2018-08-09,5.44,5.44,5.44,5.02,0,0.74
2018-08-08,5.32,5.4,5.4,5.02,0,-1.1
2018-08-07,5.4,5.46,5.46,5.4,0,1.11
2018-08-06,5.4,5.4,5.4,5.4,0,-0.74
2018-08-03,5.02,5.44,5.44,5.02,0,-0.73
2018-08-02,5.18,5.48,5.48,4.2,0.03,0
2018-08-01,5.5,5.48,5.5,5.18,0,3.4
2018-07-31,5.5,5.3,5.7,5.3,0,-3.64
2018-07-30,5.3,5.5,5.5,5.16,0,-3.51
2018-07-27,5.2,5.7,5.7,5.2,0,-1.38
2018-07-26,5.66,5.78,5.78,5.66,0,1.76
2018-07-25,5.82,5.68,5.82,5.5,0,-2.07
2018-07-24,5.8,5.8,5.8,5.8,0,0
2018-07-23,5.98,5.8,5.98,5.7,0,0
2018-07-20,5.4,5.8,5.9,5.16,0.01,8.21
2018-07-19,5.26,5.36,5.4,4.95,0.02,7.2
2018-07-18,5,5,5,4.83,0,-0.4
2018-07-17,4.95,5.02,5.02,4.7,0,1.41
2018-07-16,4.9,4.95,4.95,4.8,0,-0.8
2018-07-13,4.75,4.99,4.99,4.6,0.01,8.48
2018-07-12,4.88,4.6,4.88,4.6,0,-5.15
2018-07-11,4.99,4.85,4.99,4.4,0.01,7.3
2018-07-10,4.2,4.52,4.63,4,0.02,8.13
2018-07-09,3.97,4.18,4.4,3.46,0.01,5.82
2018-07-06,3.78,3.95,4.5,3.63,0.01,11.27
2018-07-05,3.1,3.55,3.6,3.1,0.01,18.33
2018-07-04,2.9,3,3.38,2.9,0.01,11.11
2018-07-03,2.6,2.7,2.9,2.6,0.01,12.5
2018-07-02,3,2.4,3.32,2.4,0.02,-18.37
2018-06-29,2.95,2.94,2.95,2.94,0,0.68
2018-06-28,3.25,2.92,3.25,2.91,0,0.69
2018-06-27,3.5,2.9,3.5,2.9,0.02,-11.04
2018-06-26,3.36,3.26,3.8,3.26,0.01,-4.4
2018-06-25,3.41,3.41,3.7,3.36,0,-2.57
2018-06-22,3.7,3.5,4,3.5,0,-5.41
2018-06-21,3.8,3.7,4,3.7,0,-7.5
2018-06-20,4,4,4,3.7,0.01,0
2018-06-19,4,4,4,4,0,0
2018-06-18,3.8,4,4,3.8,0,5.26
2018-06-15,4.12,3.8,4.13,3.8,0,-7.77
2018-06-14,3.85,4.12,4.26,3.32,0.04,0.49
2018-06-13,4.1,4.1,4.1,4.1,0,16.81
2018-06-12,3.99,3.51,4,3.51,0,-12.25
2018-06-11,4,4,4,3.32,0,4.71
2018-06-08,4.01,3.82,4.44,3.8,0.01,3.24
2018-06-07,3.63,3.7,4,3.63,0.01,1.93
2018-06-06,3.65,3.63,3.65,3.63,0,-0.55
2018-06-05,3.25,3.65,3.65,3.25,0,5.8
2018-06-01,3.4,3.45,3.45,3.2,0.01,1.47
2018-05-30,3.4,3.4,3.4,3.4,0,0
2018-05-29,3.44,3.4,3.44,3.4,0,-2.58
2018-05-28,3.44,3.49,3.49,3.44,0.01,1.16
2018-05-25,3.45,3.45,3.45,3.45,0,0
2018-05-24,3.45,3.45,3.45,3.45,0,0
2018-05-23,3.49,3.45,3.49,3,0.01,-1.15
2018-05-22,3.5,3.49,3.5,3.49,0,-1.41
2018-05-21,3.57,3.54,3.57,3.12,0,1.14
2018-05-18,3.5,3.5,3.5,3.5,0,0
2018-05-17,3.3,3.5,3.5,3.2,0.01,6.06
2018-05-16,3.7,3.3,3.79,3.3,0.01,-10.81
2018-05-15,3.7,3.7,3.7,3.7,0,-0.54
2018-05-14,3.5,3.72,3.72,3.33,0.01,0.54
2018-05-11,3.15,3.7,3.7,3.15,0,-1.07
2018-05-10,3.21,3.74,3.74,3.1,0,-1.32
2018-05-09,3.43,3.79,3.8,3.25,0.01,-2.82
2018-05-08,4,3.9,4,3.41,0,-1.52
2018-05-07,3.96,3.96,3.96,3.96,0,4.21
2018-05-04,3.5,3.8,3.8,3.42,0,11.44
2018-05-02,3.41,3.41,3.41,3.41,0,-10.26
2018-04-30,3.74,3.8,3.8,3.41,0.01,11.44
2018-04-27,3.59,3.41,3.8,3.3,0.01,-10.26
2018-04-26,4,3.8,4,3.5,0.01,-5
2018-04-25,4,4,4,4,0,0
2018-04-24,4.1,4,4.44,4,0.04,-10.71
2018-04-23,4.49,4.48,4.49,4,0.01,0.9
2018-04-20,4.44,4.44,4.44,4.2,0,-1.11
2018-04-19,4.4,4.49,4.49,4.39,0,4.42
2018-04-18,4.31,4.3,4.31,4.3,0,-5.49
2018-04-17,4.48,4.55,4.57,4.48,0.01,1.34
2018-04-16,4.1,4.49,4.5,4,0.01,12.25
2018-04-13,4.4,4,4.6,4,0.03,-9.09
2018-04-12,4.3,4.4,4.4,4.07,0.02,-2.22
2018-04-11,4.5,4.5,4.5,4.1,0.01,-2.17
2018-04-10,4.6,4.6,4.6,4.6,0,-1.5
2018-04-09,4.5,4.67,4.67,4.5,0,8.6
2018-04-06,4.68,4.3,4.68,4.3,0,-4.44
2018-04-05,4.41,4.5,4.5,4.1,0.01,0
2018-04-04,4.44,4.5,4.74,4.44,0.01,-3.02
2018-04-03,4.23,4.64,4.64,4.23,0.03,1.09
2018-03-29,4.59,4.59,4.59,4.59,0,0.88
2018-03-28,4.5,4.55,4.55,4.5,0,-1.73
2018-03-27,4.64,4.63,4.64,4.21,0,2.89
2018-03-26,4.28,4.5,4.5,4.28,0.02,4.65
2018-03-23,4.2,4.3,4.3,4,0.01,-1.15
2018-03-22,4.1,4.35,4.35,4.1,0,-0.91
2018-03-21,4.11,4.39,4.39,4.1,0.01,-1.13
2018-03-20,4.4,4.44,4.44,4.2,0,0.91
2018-03-19,4.49,4.4,4.49,4.19,0.01,-2
2018-03-16,4.5,4.49,4.5,4.3,0,4.42
2018-03-15,4.5,4.3,4.5,4.21,0.01,-4.44
2018-03-14,4.5,4.5,4.5,4.5,0,0
2018-03-13,4.62,4.5,4.62,4.3,0,2.27
2018-03-12,4.6,4.4,4.6,4.31,0.01,-4.35
2018-03-09,4,4.6,4.6,3.75,0.01,4.55
2018-03-08,4.61,4.4,4.61,4.1,0.04,-4.56
2018-03-07,4.61,4.61,4.61,4.61,0,0
2018-03-05,4.41,4.61,4.64,4.36,0.01,6.71
2018-03-02,4.6,4.32,4.69,4.32,0,-6.09
2018-03-01,4.52,4.6,4.6,4.41,0.01,0
2018-02-28,4.6,4.6,4.6,4.51,0,-4.96
2018-02-27,4.84,4.84,4.84,4.84,0,7.56
2018-02-26,4.59,4.5,4.84,4.5,0.01,-5.06
2018-02-23,4.4,4.74,4.74,4.25,0.01,-1.25
2018-02-22,4.51,4.8,4.8,4.51,0,6.67
2018-02-21,4.75,4.5,4.9,4.4,0.02,-5.26
2018-02-20,4.44,4.75,4.79,4.44,0.02,10.47
2018-02-19,4.09,4.3,4.4,4.09,0.02,10.26
2018-02-16,4.09,3.9,4.09,3.9,0,0
2018-02-15,3.9,3.9,4.13,3.9,0.03,0
2018-02-14,3.79,3.9,4.15,3.6,0.01,2.9
2018-02-13,3.78,3.79,3.79,3.78,0,0.26
2018-02-12,3.24,3.78,3.79,3.24,0.01,5
2018-02-09,3.48,3.6,3.6,3.48,0,2.86
2018-02-08,3.8,3.5,3.8,3.04,0.04,0
2018-02-07,3.88,3.5,3.88,3.5,0,-11.39
2018-02-06,3.75,3.95,4,3.5,0.06,-3.42
2018-02-05,4.2,4.09,4.2,3.7,0.02,-3.54
2018-02-02,3.37,4.24,4.34,3.37,0.06,21.14
2018-02-01,3.39,3.5,3.5,3.27,0,0.29
2018-01-31,3.31,3.49,3.49,3.22,0.01,-0.29
2018-01-30,3.45,3.5,3.55,3.4,0.01,-2.78
2018-01-29,3.23,3.6,3.6,3.23,0,2.86
2018-01-26,3.4,3.5,3.58,3.21,0.01,1.16
2018-01-25,3.46,3.46,3.46,3.46,0,-4.95
2018-01-24,3.59,3.64,3.68,3.43,0.01,5.2
2018-01-23,3.4,3.46,3.64,3.4,0.01,-1.14
2018-01-22,3.3,3.5,3.7,3.3,0.01,0.57
2018-01-19,3.31,3.48,3.48,3.22,0,5.14
2018-01-18,3.5,3.31,3.5,3.3,0,6.09
2018-01-17,3.33,3.12,3.4,3.12,0.01,-17.02
2018-01-16,3.5,3.76,3.76,3.5,0,1.62
2018-01-15,3.7,3.7,3.79,3.34,0.01,0
2018-01-12,3.68,3.7,3.7,3.41,0,0.54
2018-01-11,3.68,3.68,3.68,3.31,0,2.22
2018-01-10,3.78,3.6,3.78,3.05,0.01,2.86
2018-01-09,3.5,3.5,3.5,3.5,0,-5.41
2018-01-08,3.2,3.7,3.82,3.1,0.01,13.15
2018-01-05,3.1,3.27,3.27,3.1,0,-0.3
2018-01-04,3.1,3.28,3.28,3.1,0,2.82
2018-01-03,3.3,3.19,3.5,3.19,0,0
2017-12-29,3.18,3.19,3.19,3,0.01,6.33
2017-12-28,3,3,3,3,0,-4.46
2017-12-27,3.2,3.14,3.2,3,0,-1.88
2017-12-22,3.2,3.2,3.2,3.2,0,0
2017-12-20,3.3,3.2,3.3,2.64,0.01,-3.03
2017-12-19,3,3.3,3.3,3,0,3.77
2017-12-18,3.18,3.18,3.18,3.18,0,-0.63
2017-12-15,3.33,3.2,3.44,2.9,0,-3.9
2017-12-14,3.06,3.33,3.33,3.06,0.01,8.12
2017-12-13,3.4,3.08,3.52,2.81,0.01,-3.75
2017-12-12,3.7,3.2,3.7,2.78,0.06,-17.31
2017-12-11,3.5,3.87,4,3.31,0.04,13.82
2017-12-08,2.5,3.4,3.6,2.5,0.12,41.67
2017-12-07,2.39,2.4,2.55,2.39,0.01,-0.41
2017-12-06,2.42,2.41,2.43,2.41,0.01,0
2017-12-05,2.41,2.41,2.55,2.4,0.02,-1.63
2017-12-04,2.37,2.45,2.5,2.37,0,3.38
2017-12-01,2.4,2.37,2.44,2.23,0,3.04
2017-11-30,2.2,2.3,2.55,2.14,0.01,9
2017-11-29,2.3,2.11,2.55,2.11,0.01,2.93
2017-11-28,2.15,2.05,2.54,2.05,0,-5.09
2017-11-27,2.2,2.16,2.57,2.15,0.01,-1.37
2017-11-24,2.05,2.19,2.19,2.04,0,-0.45
2017-11-23,2.2,2.2,2.2,2.03,0,0.92
2017-11-22,2.18,2.18,2.18,2.18,0,0
2017-11-21,2.02,2.18,2.19,2.02,0.02,0.93
2017-11-20,2.01,2.16,2.23,2.01,0.02,-0.92
2017-11-17,2.05,2.18,2.18,2.01,0.02,-0.91
2017-11-16,1.89,2.2,2.23,1.89,0.02,25
2017-11-15,1.88,1.76,1.88,1.76,0,-0.56
2017-11-14,1.88,1.77,1.91,1.77,0,0.57
2017-11-13,1.9,1.76,1.9,1.76,0,0
2017-11-10,1.77,1.76,1.88,1.76,0,0
2017-11-09,1.76,1.76,1.76,1.76,0,0.57
2017-11-08,1.92,1.75,1.92,1.75,0,1.74
2017-11-07,1.99,1.72,1.99,1.72,0.02,-17.7
2017-11-06,2.09,2.09,2.09,2,0.01,-1.88
2017-11-03,1.85,2.13,2.13,1.79,0.03,13.3
2017-11-02,1.79,1.88,1.89,1.79,0.01,5.62
2017-10-31,1.85,1.78,1.89,1.78,0,-1.11
2017-10-30,1.85,1.8,1.85,1.8,0,-2.7
2017-10-27,1.85,1.85,1.85,1.75,0.01,0
2017-10-26,1.78,1.85,1.85,1.76,0.01,3.93
2017-10-25,1.76,1.78,1.78,1.72,0,1.14
2017-10-24,1.78,1.76,1.78,1.72,0,-2.22
2017-10-23,1.78,1.8,1.8,1.71,0.01,1.12
2017-10-20,1.78,1.78,1.78,1.78,0,-0.56
2017-10-19,1.68,1.79,1.79,1.68,0,1.7
2017-10-18,1.73,1.76,1.77,1.69,0,2.33
2017-10-17,1.72,1.72,1.72,1.72,0,0
2017-10-16,1.66,1.72,1.73,1.66,0,-0.58
2017-10-13,1.66,1.73,1.73,1.66,0,-0.57
2017-10-12,1.7,1.74,1.79,1.64,0.01,2.35
2017-10-11,1.7,1.7,1.75,1.66,0.01,3.03
2017-10-10,1.75,1.65,1.75,1.63,0.01,-5.71
2017-10-09,1.76,1.75,1.76,1.61,0,-1.13
2017-10-06,1.57,1.77,1.77,1.57,0.02,12.03
2017-10-05,1.5,1.58,1.58,1.5,0.03,8.22
2017-10-04,1.47,1.46,1.47,1.46,0,-2.67
2017-10-03,1.5,1.5,1.5,1.47,0.01,-6.25
2017-10-02,1.56,1.6,1.6,1.56,0,6.67
2017-09-29,1.49,1.5,1.56,1.45,0.01,0
2017-09-28,1.5,1.5,1.5,1.5,0,0
2017-09-27,1.51,1.5,1.51,1.5,0,-1.32
2017-09-26,1.63,1.52,1.63,1.5,0,-7.32
2017-09-25,1.64,1.64,1.64,1.52,0,0
2017-09-22,1.53,1.64,1.65,1.44,0.01,7.19
2017-09-21,1.53,1.53,1.53,1.53,0,0
2017-09-20,1.5,1.53,1.57,1.5,0.01,2
2017-09-19,1.5,1.5,1.5,1.5,0,-3.23
2017-09-18,1.44,1.55,1.55,1.44,0,9.15
2017-09-15,1.44,1.42,1.44,1.42,0.01,-1.39
2017-09-14,1.45,1.44,1.45,1.44,0,-1.37
2017-09-13,1.51,1.46,1.51,1.46,0,-2.67
2017-09-12,1.5,1.5,1.5,1.46,0.01,0
2017-09-11,1.53,1.5,1.53,1.5,0,0
2017-09-08,1.5,1.5,1.5,1.5,0,0
2017-09-07,1.48,1.5,1.5,1.46,0,-5.06
2017-09-06,1.58,1.58,1.58,1.58,0,-0.63
2017-09-05,1.54,1.59,1.59,1.54,0,5.3
2017-09-04,1.58,1.51,1.58,1.51,0.01,6.34
2017-09-01,1.48,1.42,1.5,1.42,0,-4.05
2017-08-31,1.5,1.48,1.56,1.48,0,-6.33
2017-08-30,1.51,1.58,1.59,1.5,0.01,-1.25
2017-08-29,1.55,1.6,1.62,1.5,0.01,-1.84
2017-08-28,1.54,1.63,1.63,1.54,0,0
2017-08-25,1.56,1.63,1.63,1.53,0,0
2017-08-24,1.56,1.63,1.66,1.56,0,1.88
2017-08-23,1.56,1.6,1.6,1.52,0.02,-1.84
2017-08-22,1.56,1.63,1.63,1.56,0,-1.21
2017-08-21,1.63,1.65,1.65,1.63,0,1.23
2017-08-18,1.55,1.63,1.63,1.52,0,4.49
2017-08-17,1.56,1.56,1.66,1.56,0.01,0
2017-08-16,1.7,1.56,1.7,1.56,0.01,-9.3
2017-08-11,1.63,1.72,1.74,1.62,0.02,6.17
2017-08-10,1.69,1.62,1.78,1.59,0.01,3.85
2017-08-09,1.55,1.56,1.7,1.55,0.01,-2.5
2017-08-08,1.63,1.6,1.63,1.53,0,-1.84
2017-08-07,1.66,1.63,1.7,1.53,0.01,-1.81
2017-08-04,1.67,1.66,1.67,1.65,0.01,-2.92
2017-08-03,1.61,1.71,1.71,1.61,0,0
2017-08-02,1.67,1.71,1.71,1.67,0,5.56
2017-08-01,1.71,1.62,1.71,1.62,0,-5.81
2017-07-31,1.69,1.72,1.78,1.56,0.01,1.78
2017-07-28,1.65,1.69,1.76,1.55,0.02,1.81
2017-07-27,1.66,1.66,1.76,1.66,0,0
2017-07-26,1.76,1.66,1.76,1.66,0,0
2017-07-25,1.77,1.66,1.77,1.66,0,0.61
2017-07-24,1.72,1.65,1.8,1.61,0.02,-4.07
2017-07-21,1.73,1.72,1.8,1.72,0.01,-3.91
2017-07-20,1.8,1.79,1.8,1.73,0,5.29
2017-07-19,1.8,1.7,1.8,1.65,0.01,-5.56
2017-07-18,1.79,1.8,1.8,1.7,0.01,4.05
2017-07-17,1.8,1.73,1.8,1.73,0.01,-8.95
2017-07-14,1.81,1.9,1.9,1.8,0,-0.52
2017-07-13,1.69,1.91,1.92,1.69,0.03,12.35
2017-07-12,1.59,1.7,1.7,1.59,0,0
2017-07-11,1.7,1.7,1.76,1.57,0.01,0
2017-07-10,1.58,1.7,1.7,1.57,0.01,0
2017-07-07,1.63,1.7,1.7,1.56,0.01,-5.56
2017-07-06,1.8,1.8,1.89,1.65,0,10.43
2017-07-05,1.7,1.63,1.8,1.63,0.01,4.49
2017-07-04,1.75,1.56,1.75,1.56,0.01,-10.86
2017-07-03,1.81,1.75,1.91,1.75,0.01,0
2017-06-30,1.71,1.75,1.8,1.71,0,9.38
2017-06-29,1.7,1.6,1.91,1.6,0.02,4.58
2017-06-28,1.53,1.53,1.53,1.53,0,-4.38
2017-06-27,1.52,1.6,1.6,1.5,0.01,-5.88
2017-06-26,1.7,1.7,1.7,1.51,0.01,6.25
2017-06-23,1.61,1.6,1.7,1.56,0,-8.57
2017-06-22,1.7,1.75,1.87,1.65,0.01,15.13
2017-06-21,1.52,1.52,1.52,1.51,0,-5
2017-06-20,1.6,1.6,1.7,1.48,0.01,8.11
2017-06-19,1.59,1.48,1.6,1.44,0.01,-1.33
2017-06-16,1.61,1.5,1.61,1.44,0.01,-11.76
2017-06-14,1.7,1.7,1.7,1.51,0,6.25
2017-06-13,1.69,1.6,1.7,1.52,0.01,-4.19
2017-06-12,1.92,1.67,1.92,1.6,0.01,-13.02
2017-06-09,1.92,1.92,1.92,1.67,0.01,-1.03
2017-06-08,1.92,1.94,1.98,1.65,0.01,2.11
2017-06-07,1.67,1.9,2,1.62,0.02,9.83
2017-06-06,1.75,1.73,2.08,1.73,0.12,-3.35
2017-06-05,1.89,1.79,1.89,1.58,0.03,-6.77
2017-06-02,1.44,1.92,1.93,1.44,0.03,33.33
2017-06-01,1.4,1.44,1.44,1.4,0,2.86
2017-05-31,1.35,1.4,1.4,1.26,0,10.24
2017-05-30,1.35,1.27,1.35,1.25,0.01,-12.41
2017-05-29,1.24,1.45,1.45,1.2,0.02,11.54
2017-05-26,1.35,1.3,1.35,1.3,0.01,-3.7
2017-05-25,1.35,1.35,1.35,1.35,0,-6.9
2017-05-24,1.45,1.45,1.45,1.45,0,0
2017-05-23,1.4,1.45,1.45,1.4,0,11.54
2017-05-22,1.31,1.3,1.31,1.3,0,-4.41
2017-05-19,1.33,1.36,1.36,1.31,0,2.26
2017-05-18,1.4,1.33,1.44,1.32,0.01,-11.33
2017-05-17,1.49,1.5,1.55,1.49,0,-6.25
2017-05-16,1.71,1.6,1.71,1.41,0.01,-5.88
2017-05-15,1.6,1.7,1.8,1.6,0.01,14.86
2017-05-12,1.6,1.48,1.6,1.47,0,0.68
2017-05-11,1.5,1.47,1.5,1.47,0,-2
2017-05-10,1.51,1.5,1.51,1.5,0,-4.46
2017-05-09,1.46,1.57,1.59,1.46,0,8.28
2017-05-08,1.52,1.45,1.52,1.45,0,-9.38
2017-05-05,1.55,1.6,1.6,1.51,0,-5.88
2017-05-04,1.57,1.7,1.7,1.32,0.01,8.97
2017-05-02,1.56,1.56,1.56,1.56,0,0
2017-04-28,1.6,1.56,1.65,1.56,0.01,-8.24
2017-04-27,1.6,1.7,1.7,1.6,0,-5.56
2017-04-26,1.9,1.8,1.94,1.57,0,-7.22
2017-04-24,1.88,1.94,1.94,1.8,0,7.78
2017-04-21,1.71,1.8,1.8,1.66,0,11.8
2017-04-20,1.62,1.61,1.62,1.61,0,0.63
2017-04-19,1.61,1.6,1.8,1.6,0.01,-11.11
2017-04-18,1.7,1.8,1.8,1.54,0,12.5
2017-04-13,1.61,1.6,1.88,1.6,0,-12.09
2017-04-12,1.82,1.82,1.82,1.82,0,-1.09
2017-04-11,1.7,1.84,1.84,1.54,0.01,7.6
2017-04-10,1.73,1.71,1.73,1.71,0,-2.29
2017-04-07,1.81,1.75,1.81,1.75,0.01,-10.26
2017-04-06,1.8,1.95,1.99,1.8,0,2.63
2017-04-05,1.99,1.9,1.99,1.75,0.02,0
2017-04-04,2,1.9,2,1.9,0.01,0
2017-04-03,1.96,1.9,2.29,1.75,0.02,2.7
2017-03-31,1.89,1.85,1.89,1.77,0,-3.14
2017-03-30,1.75,1.91,1.91,1.75,0,7.91
2017-03-29,1.85,1.77,1.98,1.77,0,-1.67
2017-03-28,1.66,1.8,1.81,1.66,0,8.43
2017-03-27,1.66,1.66,1.66,1.66,0,9.93
2017-03-24,1.65,1.51,1.66,1.51,0,-1.31
2017-03-23,1.53,1.53,1.53,1.5,0.01,2
2017-03-22,1.46,1.5,1.65,1.46,0.01,-0.66
2017-03-21,1.55,1.51,1.68,1.47,0.01,-5.63
2017-03-16,1.69,1.6,1.69,1.55,0.01,0
2017-03-15,1.9,1.6,1.9,1.6,0.01,-17.53
2017-03-14,1.9,1.94,1.94,1.9,0,12.14
2017-03-13,1.99,1.73,1.99,1.73,0.01,-4.42
2017-03-10,1.71,1.81,1.81,1.71,0.01,0
2017-03-09,2.1,1.81,2.13,1.79,0.02,-15.81
2017-03-08,2.11,2.15,2.4,1.91,0.01,-2.27
2017-03-07,2.41,2.2,2.75,2.1,0.03,-5.98
2017-03-06,1.65,2.34,2.34,1.65,0.06,41.82
2017-03-03,1.75,1.65,1.78,1.65,0,-5.17
2017-03-02,1.64,1.74,1.74,1.49,0.01,2.96
2017-03-01,1.66,1.69,1.75,1.65,0.01,-8.15
2017-02-28,1.8,1.84,1.84,1.8,0,2.22
2017-02-27,1.66,1.8,1.82,1.6,0.02,-2.17
2017-02-24,1.9,1.84,1.9,1.65,0,-3.16
2017-02-23,1.7,1.9,1.94,1.69,0.02,9.2
2017-02-22,1.45,1.74,1.74,1.35,0.02,28.89
2017-02-21,1.45,1.35,1.45,1.35,0,3.85
2017-02-20,1.31,1.3,1.31,1.3,0.01,-7.14
2017-02-17,1.45,1.4,1.45,1.3,0.01,0
2017-02-16,1.35,1.4,1.4,1.35,0.01,3.7
2017-02-15,1.35,1.35,1.39,1.3,0.01,0
2017-02-14,1.35,1.35,1.35,1.35,0,3.85
2017-02-13,1.32,1.3,1.32,1.3,0,-0.76
2017-02-10,1.26,1.31,1.4,1.26,0.01,3.97
2017-02-09,1.28,1.26,1.3,1.21,0.02,-3.08
2017-02-08,1.4,1.3,1.4,1.3,0,-3.7
2017-02-07,1.35,1.35,1.35,1.35,0,-3.57
2017-02-06,1.29,1.4,1.45,1.26,0.02,4.48
2017-02-03,1.2,1.34,1.34,1.2,0.01,14.53
2017-02-02,1.17,1.17,1.19,1.16,0.01,0.86
2017-02-01,1.2,1.16,1.2,1.16,0,-7.2
2017-01-31,1.15,1.25,1.25,1.15,0,-2.34
2017-01-30,1.2,1.28,1.28,1.01,0.02,-1.54
2017-01-27,1.25,1.3,1.3,1.25,0,4
2017-01-26,1.25,1.25,1.25,1.25,0,-3.85
2017-01-25,1.35,1.3,1.35,1.25,0,-3.7
2017-01-24,1.39,1.35,1.53,1.35,0.01,0
2017-01-23,1.27,1.35,1.35,1.25,0.01,8
2017-01-20,1.51,1.25,1.51,1.23,0.01,-21.88
2017-01-18,1.4,1.6,1.64,1.35,0.01,10.34
2017-01-17,1.45,1.45,1.45,1.4,0,-3.33
2017-01-16,1.7,1.5,1.7,1.5,0,-11.76
2017-01-13,1.69,1.7,1.7,1.69,0,6.25
2017-01-12,1.59,1.6,1.6,1.59,0,0
2017-01-11,1.6,1.6,1.6,1.6,0,-5.88
2017-01-10,1.8,1.7,1.8,1.7,0,-14.14
2017-01-09,1.58,1.98,1.98,1.58,0.02,26.92
2017-01-05,1.55,1.56,1.59,1.55,0.01,-2.5
2017-01-03,1.46,1.6,1.6,1.46,0,9.59
2017-01-02,1.47,1.46,1.47,1.3,0,-0.68
2016-12-30,1.23,1.47,1.47,1.23,0.01,22.5
2016-12-29,1.2,1.2,1.2,1.2,0,0
2016-12-28,1.2,1.2,1.2,1.2,0,4.35
2016-12-27,1.15,1.15,1.15,1.15,0,4.55
2016-12-23,1.1,1.1,1.1,1.1,0.01,0
2016-12-22,1.13,1.1,1.13,1.08,0.01,-4.35
2016-12-21,1.15,1.15,1.15,1.15,0,0
2016-12-20,1.15,1.15,1.15,1.15,0.01,-4.17
2016-12-19,1.2,1.2,1.2,1.2,0,0
2016-12-15,1.25,1.2,1.25,1.14,0.01,-4
2016-12-14,1.25,1.25,1.25,1.25,0,-7.41
2016-12-13,1.45,1.35,1.45,1.2,0.01,-21.51
2016-12-12,1.46,1.72,1.72,1.46,0,17.81
2016-12-09,1.46,1.46,1.46,1.46,0,12.31
2016-12-08,1.25,1.3,1.3,1.25,0,16.07
2016-12-07,1.1,1.12,1.12,1.1,0,1.82
2016-12-06,1.12,1.1,1.15,1.02,0.02,-2.65
2016-12-05,1.21,1.13,1.22,1.13,0.01,-5.83
2016-12-01,1.28,1.2,1.28,1.2,0,-11.11
2016-11-29,1.35,1.35,1.35,1.35,0,0
2016-11-28,1.35,1.35,1.35,1.35,0.01,-7.53
2016-11-25,1.31,1.46,1.46,1.28,0.02,14.06
2016-11-24,1.46,1.28,1.46,1.28,0,-13.51
2016-11-22,1.48,1.48,1.48,1.48,0,-1.33
2016-11-18,1.5,1.5,1.5,1.5,0,0
2016-11-17,1.5,1.5,1.5,1.5,0,0
2016-11-16,1.5,1.5,1.5,1.5,0,1.35
2016-11-14,1.5,1.48,1.51,1.45,0.01,-3.27
2016-11-10,1.46,1.53,1.53,1.46,0,2
2016-11-09,1.5,1.5,1.5,1.5,0,-1.32
2016-11-08,1.52,1.52,1.52,1.52,0,-1.3
2016-11-04,1.53,1.54,1.54,1.53,0,1.32
2016-11-03,1.54,1.52,1.54,1.52,0,-1.3
2016-11-02,1.55,1.54,1.65,1.54,0.01,0
2016-10-31,1.55,1.54,1.55,1.54,0,2.67
2016-10-28,1.51,1.5,1.51,1.4,0.01,-5.06
2016-10-27,1.59,1.58,1.59,1.58,0,0
2016-10-26,1.6,1.58,1.62,1.57,0.01,-1.86
2016-10-25,1.73,1.61,1.75,1.61,0.01,-5.29
2016-10-24,1.83,1.7,1.83,1.7,0.01,-7.1
2016-10-21,1.83,1.83,1.83,1.8,0.01,-1.08
2016-10-20,1.95,1.85,1.95,1.83,0.01,-5.61
2016-10-19,1.97,1.96,1.97,1.96,0,-2
2016-10-18,1.88,2,2.19,1.88,0.02,2.56
2016-10-17,1.88,1.95,1.95,1.88,0,4.84
2016-10-14,1.95,1.86,1.95,1.86,0,-2.62
2016-10-13,1.93,1.91,1.93,1.91,0,-3.54
2016-10-12,1.98,1.98,1.98,1.98,0,-1.49
2016-10-07,2.01,2.01,2.01,2.01,0,-1.95
2016-10-05,2.08,2.05,2.08,2.05,0,0
2016-10-04,2.05,2.05,2.05,2.05,0,0.49
2016-09-28,2.04,2.04,2.04,2.04,0,-10.92
2016-09-27,2.1,2.29,2.29,2.1,0,17.44
2016-09-26,2.08,1.95,2.48,1.71,0.01,-4.41
2016-09-23,2.23,2.04,2.23,2.04,0,-0.49
2016-09-21,2.16,2.05,2.16,2.05,0,-3.76
2016-09-20,2.13,2.13,2.13,2.13,0,-0.93
2016-09-19,2.11,2.15,2.15,2.05,0,-5.7
2016-09-13,2.31,2.28,2.31,2.28,0,-1.3
2016-09-12,2.5,2.31,2.5,2.31,0,-7.6
2016-09-05,2.5,2.5,2.5,2.47,0,0
2016-09-02,2.5,2.5,2.5,2.5,0,7.76
2016-08-31,2.32,2.32,2.32,2.32,0,0
2016-08-30,2.25,2.32,2.55,2.25,0,-4.92
2016-08-25,2.44,2.44,2.44,2.44,0,-1.21
2016-08-24,2.45,2.47,2.47,2.04,0,0.82
2016-08-23,2.3,2.45,2.7,2.3,0,-7.2
2016-08-22,2.75,2.64,3,2.2,0,-4
2016-08-19,2.75,2.75,2.75,2.75,0,0.73
2016-08-18,2.71,2.73,2.75,2.51,0,-8.7
2016-08-17,2.84,2.99,2.99,2.84,0,5.65
2016-08-16,2.7,2.83,2.83,2.62,0.01,8.02
2016-08-12,2.44,2.62,2.62,2.44,0,5.22
2016-08-09,2.49,2.49,2.49,2.49,0,7.79
2016-08-03,2.36,2.31,2.36,2.31,0,1.76
2016-08-02,2.27,2.27,2.27,2.27,0,-1.73
2016-08-01,2.31,2.31,2.31,2.31,0,0
2016-07-29,2.31,2.31,2.31,2.31,0,7.44
2016-07-28,2.08,2.15,2.15,2.08,0,1.42
2016-07-27,2.12,2.12,2.12,2.12,0,-7.02
2016-07-25,2.28,2.28,2.28,2.28,0,2.24
2016-07-22,2.28,2.23,2.45,2.23,0,11.5
2016-07-21,2.3,2,2.3,2,0,-19.35
2016-07-19,2.37,2.48,2.48,2.37,0,-4.62
2016-07-18,2.58,2.6,2.6,2.58,0,0
2016-07-15,2.15,2.6,2.6,2.15,0,25
2016-07-14,2.08,2.08,2.08,2.08,0,6.67
2016-07-11,2.1,1.95,2.1,1.94,0,-14.47
2016-07-08,2.28,2.28,2.28,2.28,0,8.57
2016-07-07,1.8,2.1,2.1,1.8,0,31.25
2016-07-04,1.96,1.6,1.96,1.6,0,-18.37
2016-07-01,1.96,1.96,1.96,1.96,0,10.11
2016-06-28,1.94,1.78,1.94,1.76,0,-16.82
2016-06-27,1.96,2.14,2.14,1.96,0,9.18
2016-06-21,1.76,1.96,1.96,1.76,0,1.03
2016-06-17,1.94,1.94,1.94,1.94,0,-3
2016-06-16,1.94,2,2,1.94,0,-5.21
2016-06-13,2.11,2.11,2.11,2.11,0,-0.94
2016-06-07,1.8,2.13,2.13,1.8,0,18.33
2016-06-03,2.2,1.8,2.2,1.76,0.01,-18.18
2016-05-31,2.29,2.2,2.29,2.2,0,-10.2
2016-05-17,2.35,2.45,2.5,2.35,0,7.46
2016-05-16,2.47,2.28,2.47,2.1,0,-8.8
2016-05-13,2.5,2.5,2.5,2.5,0,-5.66
2016-05-11,2.65,2.65,2.65,2.65,0,1.92
2016-05-06,2.74,2.6,2.78,2.6,0,0
2016-05-05,2.58,2.6,2.71,2.53,0,-8.45
2016-05-02,2.4,2.84,2.84,2.4,0,10.08
2016-04-28,2.58,2.58,2.58,2.58,0,-7.86
2016-04-22,2.8,2.8,2.8,2.8,0,10.24
2016-04-20,2.54,2.54,2.54,2.54,0,4.1
2016-04-19,2.44,2.44,2.44,2.44,0,-5.06
2016-04-13,2.61,2.57,2.61,2.57,0,-1.91
2016-04-11,2.65,2.62,2.65,2.62,0,-0.76
2016-04-07,2.61,2.64,2.64,2.61,0,-4
2016-04-05,2.75,2.75,2.75,2.75,0,-1.79
2016-04-04,2.75,2.8,2.8,2.75,0,-6.67
2016-04-01,3,3,3,3,0,3.45
2016-03-31,2.78,2.9,3,2.78,0,4.32
2016-03-30,2.42,2.78,2.8,2.42,0,14.88
2016-03-29,2.42,2.42,2.42,2.42,0,0.41
2016-03-21,2.38,2.41,2.41,2.38,0,1.26
2016-03-17,2.4,2.38,2.4,2.38,0,-2.46
2016-03-15,2.44,2.44,2.44,2.44,0,-6.15
2016-03-14,2.65,2.6,2.7,2.6,0,0
2016-03-11,2.47,2.6,2.7,2.47,0,5.26
2016-03-10,2.3,2.47,2.47,2.3,0,7.39
2016-03-08,2.3,2.3,2.3,2.3,0,0
2016-03-07,2.37,2.3,2.37,2.2,0,-8
2016-03-01,2.74,2.5,2.74,2.5,0,-8.76
2016-02-29,2.74,2.74,2.74,2.74,0,1.86
2016-02-26,2.69,2.69,2.69,2.69,0,0
2016-02-24,2.45,2.69,2.69,2.45,0,-3.93
2016-02-22,2.55,2.8,2.8,2.55,0,9.8
2016-02-19,2.55,2.55,2.55,2.55,0,5.37
2016-02-18,2.3,2.42,2.6,2.3,0,10
2016-02-17,2.41,2.2,2.6,2.2,0.01,-15.38
2016-02-16,2.25,2.6,2.6,2.14,0.01,5.26
2016-02-15,2.35,2.47,2.47,2.35,0,4.66
2016-02-12,2.35,2.36,2.78,2.35,0,0.43
2016-02-11,2.05,2.35,2.68,2.05,0.01,5.86
2016-02-10,1.92,2.22,2.22,1.92,0,-1.33
2016-02-05,2.25,2.25,2.25,2.25,0,12.5
2016-02-03,2,2,2,2,0,-4.76
2016-02-02,2.2,2.1,2.2,2.1,0,0
2016-02-01,2.1,2.1,2.1,2.1,0,-8.3
2016-01-29,2.21,2.29,2.38,2.2,0,3.62
2016-01-28,2.1,2.21,2.21,2.1,0,0
2016-01-27,2.1,2.21,2.21,1.7,0,-0.45
2016-01-26,2.1,2.22,2.22,2.1,0,11
2016-01-25,1.85,2,2,1.85,0,17.65
2016-01-22,1.9,1.7,1.9,1.7,0,-15
2016-01-21,2,2,2,2,0,0
2016-01-20,1.85,2,2.21,1.85,0,8.11
2016-01-19,1.85,1.85,1.85,1.85,0,2.78
2016-01-18,1.8,1.8,1.8,1.8,0,0
2016-01-15,1.8,1.8,1.8,1.8,0,9.09
2016-01-14,1.66,1.65,1.66,1.63,0,0
2015-12-23,1.66,1.65,1.66,1.65,0,0
2015-12-21,1.65,1.65,1.65,1.65,0,-10.81
2015-12-18,1.85,1.85,1.85,1.85,0,0
2015-12-17,1.85,1.85,1.85,1.85,0,8.82
2015-12-11,1.7,1.7,1.7,1.7,0,0
2015-12-03,1.7,1.7,1.7,1.7,0,0
2015-12-02,1.75,1.7,1.75,1.65,0,-10.53
2015-11-27,1.89,1.9,1.9,1.89,0,0
2015-11-24,1.9,1.9,1.9,1.88,0,1.06
2015-11-23,1.88,1.88,1.88,1.88,0,9.3
2015-11-12,1.72,1.72,1.72,1.72,0,1.18
2015-11-06,1.85,1.7,1.85,1.7,0,-7.1
2015-11-05,1.83,1.83,1.83,1.83,0,-9.85
2015-11-04,1.9,2.03,2.03,1.9,0,1.5
2015-10-30,2,2,2,2,0,-2.44
2015-10-26,1.76,2.05,2.05,1.75,0,7.89
2015-10-19,1.83,1.9,2,1.83,0,2.7
2015-10-13,1.85,1.85,1.85,1.85,0,-1.6
2015-10-12,1.88,1.88,1.88,1.88,0,0
2015-10-09,1.88,1.88,1.88,1.88,0,-1.05
2015-10-08,1.75,1.9,1.9,1.75,0,3.83
2015-10-07,1.83,1.83,1.83,1.83,0,1.67
2015-10-06,1.8,1.8,1.8,1.8,0,5.88
2015-10-01,1.9,1.7,2,1.7,0,-10.53
2015-09-30,1.9,1.9,1.9,1.9,0,-4.04
2015-09-29,1.98,1.98,1.98,1.98,0,5.32
2015-09-28,1.88,1.88,1.88,1.88,0,4.44
2015-09-25,1.8,1.8,2,1.62,0,3.45
2015-09-24,2.1,1.74,2.1,1.7,0.01,-24.35
2015-09-23,2,2.3,2.3,2,0,16.75
2015-09-21,1.97,1.97,1.97,1.97,0,-6.64
2015-09-18,2.16,2.11,2.16,2.11,0,-2.31
2015-09-17,2.16,2.16,2.16,2.16,0,1.41
2015-09-15,2.03,2.13,2.3,2.03,0,9.23
2015-09-14,1.9,1.95,2.11,1.88,0,3.72
2015-09-11,1.73,1.88,1.88,1.73,0,11.9
2015-09-10,1.68,1.68,1.68,1.68,0,-10.64
2015-09-09,1.88,1.88,1.88,1.88,0,4.44
2015-09-08,1.6,1.8,1.8,1.6,0,20
2015-09-02,1.56,1.5,1.56,1.5,0,-3.85
2015-08-25,1.53,1.56,1.56,1.35,0,-9.83
2015-08-24,1.69,1.73,1.73,1.69,0,2.37
2015-08-21,1.75,1.69,1.75,1.62,0,-1.17
2015-08-19,1.88,1.71,1.88,1.71,0,-14.5
2015-08-14,2,2,2,2,0,0
2015-08-13,2,2,2,2,0,5.82
2015-08-12,2,1.89,2,1.89,0,-12.09
2015-08-11,2.15,2.15,2.15,2.15,0,-4.44
2015-08-10,2.25,2.25,2.25,2.25,0,0
2015-08-07,2.07,2.25,2.25,2.05,0,12.5
2015-08-04,2,2,2,2,0,0
2015-08-03,2,2,2,2,0,4.17
2015-07-31,1.92,1.92,1.92,1.92,0,-6.34
2015-07-29,1.8,2.05,2.05,1.8,0,17.14
2015-07-28,1.81,1.75,1.81,1.75,0,-2.78
2015-07-27,1.8,1.8,1.8,1.8,0,0
2015-07-21,1.8,1.8,1.8,1.8,0,0
2015-07-20,1.85,1.8,1.85,1.8,0,-7.69
2015-07-16,1.81,1.95,1.95,1.8,0,2.63
2015-07-15,2,1.9,2,1.9,0,-5
2015-07-14,1.95,2,2,1.8,0,11.11
2015-07-13,1.9,1.8,1.9,1.61,0,-10
2015-07-10,2,2,2,2,0,2.56
2015-07-09,2,1.95,2,1.95,0,-1.02
2015-07-01,1.95,1.97,2.2,1.95,0.01,1.03
2015-06-30,1.95,1.95,1.95,1.95,0,0
2015-06-29,1.8,1.95,1.98,1.75,0,-1.02
2015-06-26,2.24,1.97,2.24,1.97,0,3.14
2015-06-25,1.91,1.91,1.91,1.91,0,-9.05
2015-06-24,2.05,2.1,2.1,2,0,2.44
2015-06-23,2.4,2.05,2.55,2,0,-14.58
2015-06-22,2.4,2.4,2.4,2.4,0,1.27
2015-06-19,2.37,2.37,2.37,2.37,0,0
2015-06-18,2.37,2.37,2.37,2.37,0,0
2015-06-17,2.42,2.37,2.42,2.37,0,1.28
2015-06-15,2.34,2.34,2.34,2.34,0,7.34
2015-06-12,2.18,2.18,2.18,2.18,0,-5.22
2015-06-10,2.35,2.3,2.35,2.3,0,-2.13
2015-06-08,2.3,2.35,2.35,2.3,0,-1.67
2015-06-01,2.55,2.39,2.55,2.2,0,-4.4
2015-05-29,2.78,2.5,2.96,2.5,0,-18.03
2015-05-27,2.58,3.05,3.05,2.58,0,18.22
2015-05-26,2.58,2.58,2.58,2.58,0,7.5
2015-05-21,2.4,2.4,2.4,2.4,0,0
2015-05-20,2.4,2.4,2.4,2.4,0,1.27
2015-05-19,2.41,2.37,2.41,2.37,0,-8.85
2015-05-18,2.41,2.6,2.6,2.4,0,7.88
2015-05-15,2.75,2.41,2.75,2.41,0,-12.36
2015-05-14,2.9,2.75,3,2.73,0,-14.06
2015-05-13,3,3.2,3.2,2.51,0,4.92
2015-05-12,2.75,3.05,3.08,2.7,0,10.91
2015-05-11,2.75,2.75,2.75,2.5,0,1.85
2015-05-08,2.69,2.7,2.95,2.69,0,0.37
2015-05-07,2.82,2.69,2.97,2.69,0,-4.61
2015-05-06,2.6,2.82,2.82,2.5,0.01,10.59
2015-05-05,2.8,2.55,2.8,2.55,0,-8.93
2015-05-04,2.69,2.8,2.82,2.4,0.01,3.7
2015-04-30,2.7,2.7,2.7,2.7,0,1.5
2015-04-29,2.25,2.66,2.7,2.25,0.01,18.22
2015-04-28,2.14,2.25,2.25,2.14,0,3.69
2015-04-27,2.05,2.17,2.17,2.05,0,5.85
2015-04-22,2.05,2.05,2.05,2.05,0,2.5
2015-04-21,1.88,2,2.2,1.88,0.01,6.38
2015-04-20,1.7,1.88,1.88,1.7,0,17.5
2015-04-17,1.6,1.6,1.6,1.51,0,-11.11
2015-04-14,1.8,1.8,1.8,1.8,0,0
2015-04-10,1.8,1.8,1.8,1.8,0,5.88
2015-04-08,1.7,1.7,1.7,1.7,0,0
2015-04-07,1.7,1.7,1.7,1.7,0,-5.56
2015-03-26,1.8,1.8,1.8,1.8,0,5.88
2015-03-23,1.62,1.7,1.7,1.62,0,5.59
2015-03-20,1.65,1.61,1.65,1.61,0,-0.62
2015-03-19,1.7,1.62,1.7,1.62,0,-5.26
2015-03-18,1.75,1.71,1.75,1.71,0,-2.29
2015-03-16,1.77,1.75,1.77,1.75,0,0
2015-03-13,1.76,1.75,1.96,1.75,0.01,0
2015-03-12,1.75,1.75,1.82,1.75,0.01,-7.89
2015-03-10,2.25,1.9,2.36,1.85,0.01,-7.32
2015-03-09,2.39,2.05,2.39,2.05,0,-4.65
2015-03-06,1.9,2.15,2.15,1.9,0.01,13.16
2015-03-05,1.8,1.9,1.9,1.8,0,11.76
2015-03-03,1.75,1.7,1.75,1.7,0,0
2015-02-27,1.9,1.7,1.97,1.7,0,-5.56
2015-02-26,1.8,1.8,1.9,1.8,0,4.65
2015-02-25,1.97,1.72,1.98,1.72,0,-4.97
2015-02-24,1.9,1.81,2.05,1.6,0.01,-4.23
2015-02-23,1.85,1.89,1.89,1.8,0,-0.53
2015-02-20,1.9,1.9,1.9,1.9,0,-2.56
2015-02-19,1.9,1.95,1.95,1.9,0,6.56
2015-02-18,2.14,1.83,2.15,1.83,0,-12.86
2015-02-17,2.15,2.1,2.15,1.81,0,-4.55
2015-02-16,1.9,2.2,2.27,1.9,0.01,16.4
2015-02-13,1.89,1.89,1.89,1.89,0,2.16
2015-02-11,1.9,1.85,1.9,1.85,0,3.35
2015-02-10,1.8,1.79,2,1.79,0.01,0
2015-02-09,1.8,1.79,1.8,1.79,0,-3.24
2015-02-06,1.85,1.85,1.85,1.85,0,-7.04
2015-02-05,1.99,1.99,1.99,1.99,0,7.57
2015-02-04,1.89,1.85,2,1.85,0.01,6.32
2015-01-27,1.91,1.74,1.91,1.74,0,-8.42
2015-01-26,1.9,1.9,1.9,1.9,0,7.34
2015-01-23,1.93,1.77,1.93,1.77,0,0.57
2015-01-22,1.99,1.76,2.01,1.76,0.01,-12.44
2015-01-21,1.87,2.01,2.01,1.75,0.01,0
2015-01-14,1.87,2.01,2.01,1.82,0,0
2015-01-13,2.01,2.01,2.01,2.01,0,8.06
2015-01-08,1.86,1.86,2.04,1.86,0,0.54
2015-01-07,1.95,1.85,2.09,1.85,0,2.21
2015-01-05,2.01,1.81,2.01,1.76,0.01,-15.81
2015-01-02,1.9,2.15,2.15,1.9,0.01,0
2014-12-30,1.8,2.15,2.15,1.74,0.01,9.14
2014-12-29,1.78,1.97,2.12,1.78,0.01,-1.99
2014-12-23,1.95,2.01,2.04,1.7,0.01,-4.29
2014-12-22,2,2.1,2.15,1.67,0.01,3.96
2014-12-19,2.03,2.02,2.16,1.9,0.01,7.45
2014-12-18,2,1.88,2,1.88,0,-12.96
2014-12-16,1.95,2.16,2.16,1.85,0,10.2
2014-12-15,1.96,1.96,1.96,1.96,0,1.55
2014-12-12,2,1.93,2.19,1.92,0.01,-3.5
2014-12-11,1.9,2,2,1.9,0,-4.31
2014-12-10,2.1,2.09,2.2,2,0.01,1.95
2014-12-09,2.1,2.05,2.1,2,0,-3.3
2014-12-08,2.11,2.12,2.12,2,0.01,-7.83
2014-12-05,2.3,2.3,2.3,2.2,0,9
2014-12-04,2.43,2.11,2.43,2.11,0,-1.4
2014-12-03,2.3,2.14,2.42,2.14,0.01,1.42
2014-12-02,2.3,2.11,2.3,2.11,0,-1.4
2014-12-01,2.39,2.14,2.39,2.14,0.01,-0.93
2014-11-28,2.14,2.16,2.38,2.14,0,1.89
2014-11-27,2.45,2.12,2.45,2.12,0.01,-13.47
2014-11-26,2.22,2.45,2.45,2.1,0.01,11.36
2014-11-25,2.4,2.2,2.57,2.01,0.01,-0.45
2014-11-24,2.41,2.21,2.6,2.2,0.02,-15
2014-11-21,2.41,2.6,2.6,2.41,0,1.96
2014-11-20,2.6,2.55,2.61,2.45,0.01,4.08
2014-11-19,2.8,2.45,2.8,2.45,0.01,-1.21
2014-11-18,3,2.48,3,2.48,0.02,-8.15
2014-11-17,2.46,2.7,2.95,2.4,0.02,10.2
2014-11-14,2.48,2.45,2.66,2.45,0.01,-8.24
2014-11-13,2.5,2.67,2.79,2.4,0.02,1.52
2014-11-12,2.67,2.63,2.67,2.5,0,7.35
2014-11-10,2.7,2.45,2.78,2.45,0.02,-5.77
2014-11-07,2.52,2.6,2.85,2.48,0.01,-10.03
2014-11-06,2.6,2.89,2.89,2.42,0.03,-0.34
2014-11-05,2.8,2.9,2.95,2.5,0.01,-3.33
2014-11-04,2.95,3,3,2.36,0.01,3.45
2014-11-03,2.9,2.9,2.9,2.9,0,0.35
2014-10-29,3.14,2.89,3.14,2.53,0.02,-8.54
2014-10-27,2.9,3.16,3.16,2.83,0.01,-0.63
2014-10-22,3.19,3.18,3.19,2.85,0,0.95
2014-10-20,3.19,3.15,3.19,2.85,0,-2.17
2014-10-16,3.05,3.22,3.22,2.74,0.01,17.52
2014-10-15,3.03,2.74,3.03,2.73,0.01,-11.61
2014-10-14,3.11,3.1,3.45,3.1,0.01,-8.55
2014-10-13,3.45,3.39,3.45,3.11,0.01,2.73
2014-10-10,3.11,3.3,3.3,3.01,0,-4.07
2014-10-08,3.1,3.44,3.44,3.1,0,-1.71
2014-10-06,3.39,3.5,3.5,3.39,0,3.24
2014-10-03,3.02,3.39,3.39,3.01,0,0.89
2014-10-02,3.03,3.36,3.36,3.02,0,5
2014-10-01,3.3,3.2,3.69,3,0.01,-8.57
2014-09-30,3.3,3.5,3.5,3.2,0,-2.51
2014-09-26,3.6,3.59,3.69,3.3,0.02,2.57
2014-09-25,3.6,3.5,3.77,3.1,0.03,-6.91
2014-09-23,3.6,3.76,3.9,3.5,0.01,-1.05
2014-09-22,3.3,3.8,3.8,3.3,0.01,1.33
2014-09-19,3.74,3.75,3.75,3.15,0.01,0.27
2014-09-18,3.46,3.74,3.75,3.04,0.03,10
2014-09-17,2.89,3.4,3.41,2.89,0.02,17.65
2014-09-16,2.65,2.89,3.17,2.65,0.01,-9.4
2014-09-15,2.9,3.19,3.19,2.45,0.01,13.93
2014-09-12,2.41,2.8,2.8,2.41,0,-1.75
2014-09-11,2.5,2.85,2.9,2.07,0.01,18.75
2014-09-10,2,2.4,2.4,2,0.01,9.09
2014-09-09,2.4,2.2,2.6,1.92,0.01,-8.33
2014-09-08,2.4,2.4,2.4,2.4,0,4.35
2014-09-05,2.3,2.3,2.4,2,0,0
2014-09-04,2.45,2.3,2.45,2.3,0,-14.5
2014-09-03,2.69,2.69,2.69,2.4,0,-3.58
2014-09-02,2.79,2.79,2.79,2.79,0,-3.46
2014-08-29,2.48,2.89,2.89,2.1,0.01,25.65
2014-08-27,2.53,2.3,2.53,2.3,0.01,-17.86
2014-08-26,3.2,2.8,3.32,2.61,0.01,-11.11
2014-08-22,2.9,3.15,3.15,2.9,0,8.62
2014-08-21,2.79,2.9,2.9,2.79,0,12.4
2014-08-20,2.7,2.58,2.7,2.41,0.01,-4.44
2014-08-19,2.75,2.7,2.75,2.34,0.01,-15.36
2014-08-18,2.73,3.19,3.19,2.73,0,-5.34
2014-08-14,2.81,3.37,3.37,2.5,0.01,24.81
2014-08-13,3,2.7,3,2.7,0,-1.82
2014-08-12,2.75,2.75,2.75,2.75,0,-14.06
2014-08-11,3,3.2,3.2,2.71,0,3.23
2014-08-08,3.01,3.1,3.15,2.7,0.01,-9.09
2014-08-07,3.2,3.41,3.41,3,0,-2.29
2014-08-06,3.3,3.49,3.49,3.01,0.01,-5.42
2014-08-05,3.5,3.69,3.69,3.5,0,-2.64
2014-08-04,3.5,3.79,3.8,3.5,0,8.29
2014-08-01,3.05,3.5,3.59,3.05,0.01,12.9
2014-07-31,3.78,3.1,3.94,3.03,0.01,-16.67
2014-07-30,3.11,3.72,3.72,2.54,0.01,9.41
2014-07-29,3.4,3.4,3.4,3.4,0,0.29
2014-07-28,3,3.39,3.4,2.9,0,24.63
2014-07-25,2.75,2.72,3.3,2.72,0,-20
2014-07-24,3,3.4,3.4,2.8,0,0
2014-07-23,3.3,3.4,3.68,3,0,3.34
2014-07-22,3.2,3.29,3.84,2.99,0.01,2.81
2014-07-21,3.3,3.2,3.3,3,0,-13.04
2014-07-18,3.63,3.68,3.7,3.63,0,1.1
2014-07-15,3.1,3.64,3.65,3.1,0,7.06
2014-07-14,3.6,3.4,3.6,3.2,0.01,-19.05
2014-07-11,3.8,4.2,4.5,3.5,0.01,-8.5
2014-07-08,4.59,4.59,4.59,4.59,0,4.32
2014-07-07,4.2,4.4,4.85,3.41,0.01,11.68
2014-07-04,3.4,3.94,3.97,3.4,0,10.99
2014-07-03,3.95,3.55,3.95,3.55,0,0
2014-07-02,3.2,3.55,3.55,2.9,0,4.72
2014-07-01,3.2,3.39,3.4,2.6,0.01,-7.12
2014-06-30,3.65,3.65,3.65,3.65,0,-8.29
2014-06-27,3.8,3.98,4.13,3.22,0.03,2.05
2014-06-26,4,3.9,4,3.9,0.02,11.11
2014-06-25,3,3.51,4.2,3,0.01,0.29
2014-06-24,3.2,3.5,3.5,2.6,0.01,8.7
2014-06-23,3.4,3.22,3.4,2.8,0,0
2014-06-20,2.7,3.22,3.22,2.7,0.01,23.85
2014-06-18,2.39,2.6,2.6,2.39,0.01,8.79
2014-06-17,2.39,2.39,2.39,2.05,0,6.22
2014-06-13,2.25,2.25,2.25,2.25,0,-5.86
2014-06-10,2.39,2.39,2.39,2.39,0.01,13.81
2014-06-09,2.4,2.1,2.56,2,0,-12.5
2014-06-06,2,2.4,2.4,2,0,14.29
2014-06-05,2,2.1,2.1,2,0,-4.55
2014-06-04,2.3,2.2,2.4,2.1,0,0
2014-06-03,2.3,2.2,2.3,2.2,0,-2.22
2014-06-02,2.25,2.25,2.25,2.25,0,-13.46
2014-05-30,2.49,2.6,2.6,2.15,0,20.93
2014-05-29,1.8,2.15,2.15,1.8,0.01,19.44
2014-05-28,2,1.8,2,1.7,0,-10
2014-05-27,1.95,2,2,1.8,0,2.56
2014-05-26,1.95,1.95,2.15,1.95,0,7.14
2014-05-23,1.76,1.82,2.05,1.61,0,1.11
2014-05-22,1.82,1.8,1.82,1.8,0,-0.55
2014-05-21,1.96,1.81,2.14,1.81,0,-7.18
2014-05-20,1.95,1.95,1.95,1.95,0,-21.69
2014-05-19,2.5,2.49,2.5,2.49,0,15.81
2014-05-16,2.1,2.15,2.4,1.94,0.01,2.38
2014-05-15,1.93,2.1,2.1,1.9,0.01,8.25
2014-05-14,2,1.94,2,1.91,0,-4.43
2014-05-13,2.4,2.03,2.4,2,0,-5.58
2014-05-12,2.4,2.15,2.8,2,0.01,-13.65
2014-05-09,2.8,2.49,2.8,2.3,0,5.96
2014-05-08,3.4,2.35,3.4,2.18,0.01,-28.79
2014-05-07,3.8,3.3,3.8,3.3,0,-5.71
2014-05-06,3.25,3.5,3.5,2.8,0,2.94
2014-05-05,3.5,3.4,3.9,2.92,0.01,-9.33
2014-05-02,3.27,3.75,3.75,2.79,0,28.42
2014-04-30,2.5,2.92,2.92,2.4,0,32.73
2014-04-29,2.41,2.2,2.5,2.2,0,-8.33
2014-04-28,2.4,2.4,2.72,2.2,0.01,11.63
2014-04-25,1.6,2.15,2.15,1.6,0.01,34.38
2014-04-24,1.71,1.6,1.78,1.6,0,-11.11
2014-04-23,1.8,1.8,1.8,1.8,0,0
2014-04-22,1.7,1.8,1.8,1.7,0,12.5
2014-04-17,1.6,1.6,1.6,1.6,0,6.67
2014-04-16,1.5,1.5,1.5,1.5,0,7.14
2014-04-15,1.4,1.4,1.6,1.4,0,-2.78
2014-04-14,1.8,1.44,1.8,1.44,0,-20
2014-04-11,1.6,1.8,1.9,1.6,0,20
2014-04-10,1.5,1.5,1.5,1.5,0,-6.83
2014-04-09,1.61,1.61,1.61,1.61,0,0.63
2014-04-08,1.72,1.6,1.72,1.44,0,-18.78
2014-04-07,1.8,1.97,1.97,1.8,0,15.88
2014-04-04,1.7,1.7,1.7,1.7,0,-5.03
2014-03-26,1.79,1.79,1.79,1.79,0,11.88
2014-03-24,1.6,1.6,1.6,1.6,0,-13.51
2014-03-21,1.5,1.85,1.85,1.5,0,8.82
2014-03-20,1.7,1.7,1.7,1.7,0,6.25
2014-03-19,1.6,1.6,1.6,1.6,0,0
2014-03-18,1.6,1.6,1.6,1.6,0,-13.98
2014-03-17,1.59,1.86,1.86,1.59,0,16.98
2014-03-14,1.59,1.59,1.59,1.59,0,12.77
2014-03-12,1.41,1.41,1.41,1.41,0,-11.32
2014-03-11,1.59,1.59,1.59,1.59,0,8.9
2014-03-10,1.46,1.46,1.46,1.46,0,0.69
2014-03-07,1.41,1.45,1.45,1.41,0,2.11
2014-03-06,1.42,1.42,1.42,1.42,0,-10.69
2014-03-05,1.59,1.59,1.59,1.59,0,13.57
2014-03-03,1.4,1.4,1.4,1.4,0,0
2014-02-28,1.4,1.4,1.4,1.4,0,-20.9
2014-02-20,1.77,1.77,1.77,1.77,0,18
2014-02-19,1.5,1.5,1.5,1.5,0,-2.6
2014-02-17,1.51,1.54,1.54,1.51,0,-12.99
2014-02-14,1.77,1.77,1.77,1.77,0,7.27
2014-02-12,1.65,1.65,1.65,1.65,0,-1.79
2014-02-11,1.68,1.68,1.68,1.68,0,-0.59
2014-02-10,1.6,1.69,1.69,1.6,0,2.42
2014-02-06,1.65,1.65,1.65,1.65,0,10
2014-02-04,1.5,1.5,1.5,1.5,0,0
2014-02-03,1.5,1.5,1.5,1.5,0,0
2014-01-30,1.5,1.5,1.5,1.5,0,-5.66
2014-01-29,1.6,1.59,1.6,1.59,0,6
2014-01-28,1.5,1.5,1.5,1.5,0,-6.25
2014-01-27,1.5,1.6,1.6,1.5,0,5.96
2014-01-24,1.51,1.51,1.51,1.51,0,-4.43
2014-01-23,1.58,1.58,1.58,1.58,0,-8.14
2014-01-22,1.72,1.72,1.72,1.72,0,14.67
2014-01-21,1.3,1.5,1.5,1.3,0,28.21
2014-01-20,1,1.17,1.17,1,0,17
2014-01-17,1,1,1,1,0,-23.08
2014-01-16,1.3,1.3,1.3,1.3,0,-7.14
2014-01-14,1.4,1.4,1.4,1.4,0,0
2014-01-13,1.4,1.4,1.4,1.4,0,7.69
2014-01-10,1.25,1.3,1.3,1.25,0,18.18
2014-01-09,1.1,1.1,1.1,1.1,0,-10.57
2014-01-08,1.2,1.23,1.23,1.2,0,-11.51
2014-01-03,1.22,1.39,1.39,1.22,0,11.2
2014-01-02,1.41,1.25,1.41,1.25,0,-19.35
2013-12-30,1.45,1.55,1.59,1.4,0,6.9
2013-12-27,1.6,1.45,1.63,1.45,0,-17.14
2013-12-23,1.78,1.75,1.86,1.45,0.01,-7.89
2013-12-20,1.9,1.9,1.9,1.9,0,5.56
2013-12-19,1.51,1.8,1.81,1.42,0,16.13
2013-12-18,1.61,1.55,1.7,1.43,0,-13.89
2013-12-17,1.71,1.8,1.8,1.71,0,-4.76
2013-12-16,1.95,1.89,1.95,1.7,0.01,-12.09
2013-12-13,2.11,2.15,2.5,1.95,0.02,0
2013-12-12,1.89,2.15,2.26,1.89,0.01,14.97
2013-12-11,1.89,1.87,1.89,1.6,0,10
2013-12-10,1.9,1.7,1.9,1.7,0.01,-16.67
2013-12-09,1.8,2.04,2.09,1.66,0.01,7.37
2013-12-06,2,1.9,2,1.64,0,5.56
2013-12-05,2,1.8,2.2,1.8,0,-5.26
2013-12-04,1.61,1.9,1.9,1.4,0,-3.55
2013-12-02,1.89,1.97,2.25,1.7,0.01,4.23
2013-11-29,1.89,1.89,1.9,1.89,0,-5.03
2013-11-28,1.79,1.99,2.1,1.5,0.01,17.06
2013-11-27,1.9,1.7,1.91,1.7,0,-10.53
2013-11-26,2.44,1.9,2.5,1.75,0,-19.15
2013-11-25,1.96,2.35,2.35,1.96,0.01,23.68
2013-11-22,1.9,1.9,1.9,1.9,0,-2.56
2013-11-21,2,1.95,2.4,1.61,0.01,-1.52
2013-11-20,1.9,1.98,2.1,1.65,0.01,20.73
2013-11-19,2.05,1.64,2.05,1.64,0.01,-34.4
2013-11-18,2.55,2.5,2.55,2.04,0.01,0
2013-11-15,2.99,2.5,2.99,2.5,0,-3.85
2013-11-14,3.25,2.6,3.25,2.6,0,-21.21
2013-11-13,2.76,3.3,3.3,2.76,0,43.48
2013-11-12,2.3,2.3,2.3,2.3,0,-17.56
2013-11-08,1.95,2.79,2.79,1.95,0,36.76
2013-11-07,1.7,2.04,2.04,1.5,0,13.33
2013-11-06,1.8,1.8,1.8,1.8,0,0
2013-11-05,1.81,1.8,1.81,1.7,0,-14.29
2013-11-04,1.94,2.1,2.1,1.94,0,0
2013-10-30,2,2.1,2.1,2,0,11.11
2013-10-29,1.89,1.89,1.89,1.89,0,2.16
2013-10-28,1.8,1.85,2,1.8,0,2.78
2013-10-25,1.5,1.8,1.8,1.5,0,25
2013-10-24,1.44,1.44,1.44,1.44,0,-4
2013-10-23,1.2,1.5,1.5,1,0,15.38
2013-10-22,1.1,1.3,1.3,1.1,0,30
2013-10-16,1,1,1,1,0,-8.26
2013-10-15,1.09,1.09,1.09,0.94,0,15.96
2013-10-14,1.05,0.94,1.2,0.85,0,-26.56
2013-10-11,1.6,1.28,1.6,1.28,0,-5.19
2013-10-10,1.35,1.35,1.35,1.35,0,28.57
2013-10-09,1.25,1.05,1.5,1.05,0,-25
2013-10-02,1.25,1.4,1.4,1.25,0,12
2013-09-27,1.25,1.25,1.25,1.25,0,-3.85
2013-09-25,1.3,1.3,1.3,1.3,0,13.04
2013-09-24,1.19,1.15,1.19,1.15,0,-11.54
2013-09-23,1.3,1.3,1.3,1.3,0,8.33
2013-09-20,1.2,1.2,1.2,1.2,0,0
2013-09-19,1.2,1.2,1.2,1.2,0,20
2013-09-16,1,1,1,1,0,16.28
2013-09-13,0.86,0.86,0.86,0.86,0,7.5
2013-09-12,0.8,0.8,0.8,0.8,0,-5.88
2013-09-11,0.85,0.85,0.85,0.85,0,-9.57
2013-08-30,0.94,0.94,0.94,0.94,0,0
2013-08-29,0.94,0.94,0.94,0.94,0,0
2013-08-26,0.94,0.94,0.94,0.94,0,9.3
2013-08-22,0.86,0.86,0.86,0.86,0,1.18
2013-08-19,0.85,0.85,0.85,0.85,0,0
2013-08-16,0.85,0.85,0.85,0.85,0,0
2013-08-13,0.85,0.85,0.85,0.85,0,-10.53
2013-08-12,0.95,0.95,0.95,0.95,0,-17.39
2013-08-09,1.15,1.15,1.15,1.15,0,35.29
2013-07-31,0.85,0.85,0.85,0.85,0,-10.53
2013-07-26,0.95,0.95,0.95,0.95,0,11.76
2013-07-25,0.77,0.85,0.85,0.77,0,11.84
2013-07-23,0.85,0.76,0.85,0.76,0,-10.59
2013-07-22,0.85,0.85,0.85,0.85,0,-10.53
2013-07-18,0.95,0.95,0.95,0.95,0,0
2013-07-15,0.95,0.95,0.95,0.95,0,11.76
2013-07-11,0.85,0.85,0.85,0.85,0,0
2013-07-10,0.85,0.85,0.85,0.85,0,6.25
2013-07-09,0.76,0.8,0.8,0.76,0,14.29
2013-07-08,0.7,0.7,0.7,0.7,0,-30
2013-07-04,1,1,1,1,0,-13.04
2013-07-01,1.1,1.15,1.15,1.1,0,15
2013-06-28,0.81,1,1,0.81,0,12.36
2013-06-20,0.82,0.89,0.89,0.72,0,-2.2
2013-06-19,0.81,0.91,0.91,0.81,0,12.35
2013-06-18,0.9,0.81,0.95,0.8,0,-18.18
2013-06-17,0.99,0.99,0.99,0.99,0,17.86
2013-06-14,1.01,0.84,1.01,0.81,0,-29.41
2013-06-13,1,1.19,1.19,0.91,0,20.2
2013-06-12,0.95,0.99,1,0.76,0,15.12
2013-06-11,0.86,0.86,0.86,0.86,0,-4.44
2013-06-10,1,0.9,1,0.8,0.01,-7.22
2013-06-07,0.95,0.97,1.13,0.95,0,-17.8
2013-06-06,1.15,1.18,1.2,0.92,0,-1.67
2013-06-05,1.13,1.2,1.35,0.91,0.01,-14.29
2013-06-04,1.39,1.4,1.4,1.39,0,0.72
2013-06-03,1.36,1.39,1.39,1.11,0,-10.32
2013-05-31,1.55,1.55,1.55,1.55,0,17.42
2013-05-29,1.32,1.32,1.32,1.32,0,-19.51
2013-05-28,1.5,1.64,1.7,1.2,0,2.5
2013-05-27,1.4,1.6,1.6,1.12,0,14.29
2013-05-24,1.61,1.4,1.69,1.35,0,2.94
2013-05-22,1.7,1.36,1.7,1.36,0,-20
2013-05-21,1.44,1.7,1.7,1.3,0,-5.56
2013-05-20,1.68,1.8,1.8,1.68,0,28.57
2013-05-17,1.7,1.4,2,1.36,0,-17.65
2013-05-16,1.7,1.7,1.7,1.4,0,14.86
2013-05-15,1.8,1.48,1.8,1.44,0.01,-32.73
2013-05-14,2.2,2.2,2.2,2.2,0,0
2013-05-13,2.4,2.2,2.4,2,0,2.33
2013-05-10,1.8,2.15,2.15,1.8,0,38.71
2013-05-09,1.6,1.55,1.6,1.3,0,-13.89
2013-05-08,1.8,1.8,1.8,1.8,0,12.5
2013-05-07,1.6,1.6,1.8,1.6,0,6.67
2013-05-06,1.7,1.5,1.7,1.4,0,-11.76
2013-05-02,1.7,1.7,1.7,1.7,0,12.58
2013-04-30,1.96,1.51,1.96,1.51,0,-15.64
2013-04-29,2.19,1.79,2.19,1.76,0.01,-18.26
2013-04-26,2.2,2.19,2.2,1.8,0,-12.4
2013-04-25,2.16,2.5,2.5,2.16,0,38.89
2013-04-24,1.8,1.8,1.8,1.8,0,-18.18
2013-04-23,2.5,2.2,2.5,2,0,-26.67
2013-04-22,3,3,3,1.92,0.01,-6.25
2013-04-19,3.78,3.2,3.79,3.2,0,-15.79
2013-04-18,3.7,3.8,3.8,3.31,0,5.56
2013-04-17,3,3.6,3.6,2.5,0.01,9.09
2013-04-15,2.8,3.3,3.3,2.49,0,10
2013-04-12,2.8,3,3,2.8,0,7.14
2013-04-10,2.6,2.8,2.8,2.51,0,-12.5
2013-04-08,2.7,3.2,3.2,2.7,0,0
2013-04-05,3.3,3.2,3.3,2.7,0,0
